email,password,username,date_created
momanzmo0deonna@gmx.com,d16wfp1eV9x,NeonPanda1429,2026-01-05 13:22:28
christieui9de@gmx.com,b88Y2XiqgD,EpicWolf0448,2026-01-05 13:24:29
a4x7gawrys@gmx.com,IqvykFdah03,SuperFalcon5928,2026-01-05 13:26:30
pearlyandl0aw@gmx.com,xv8vhP4qLk,FastBear5716,2026-01-05 13:32:59
leilahsnook1994@gmx.com,Z713pb5BU,MegaFalcon5152,2026-01-05 13:35:46
bohlerog22e@gmx.com,sR4kiGwv4,EpicTiger7990,2026-01-05 13:40:40
kassy_munno@gmx.com,i3doMym7rj1,FastLion8228,2026-01-05 13:42:52
dannieprow2002@gmx.com,f9H8ZwtCw,SuperFalcon5274,2026-01-05 14:15:00
disla37dju@gmx.com,d2oCm6dmQ,BrightFalcon7016,2026-01-05 14:15:00
elvinba1990@gmx.com,oe9gy80paO2,FastShark5787,2026-01-05 14:29:12
yunk0jzrosal@gmx.com,E9mZxCRFsb,CoolFalcon5114,2026-01-05 14:35:11
alertec2j5lora@gmx.com,i9sygSkV4ng,CoolShark7811,2026-01-05 14:37:31
